{"cameraMode":{"drawMode":0,"name":"Shaded","section":"Shading Mode"},"sceneLighting":false,"audioPlay":false,"sceneViewState":{"showFog":true,"showMaterialUpdate":false,"showSkybox":false,"showFlares":true,"showImageEffects":true,"showParticleSystems":true,"showVisualEffectGraphs":true,"m_FxEnabled":true},"in2DMode":false,"pivot":{"x":46.790855407714847,"y":33.514747619628909,"z":0.9450607299804688},"rotation":{"x":0.7006191611289978,"y":-0.011771117337048054,"z":0.01156136766076088,"w":0.713346004486084},"size":127.47148132324219,"orthographic":true}