{"cameraMode":{"drawMode":0,"name":"Shaded","section":"Shading Mode"},"sceneLighting":false,"audioPlay":false,"sceneViewState":{"showFog":true,"showMaterialUpdate":false,"showSkybox":false,"showFlares":true,"showImageEffects":true,"showParticleSystems":true,"showVisualEffectGraphs":true,"m_FxEnabled":true},"in2DMode":false,"pivot":{"x":7.008770942687988,"y":5.649999618530273,"z":-5.8051910400390629},"rotation":{"x":0.22836652398109437,"y":-0.0000014071706573304255,"z":-0.000002833698545146035,"w":0.973578691482544},"size":12.523134231567383,"orthographic":false}