{"cameraMode":{"drawMode":0,"name":"Shaded","section":"Shading Mode"},"sceneLighting":false,"audioPlay":false,"sceneViewState":{"showFog":true,"showMaterialUpdate":false,"showSkybox":false,"showFlares":true,"showImageEffects":true,"showParticleSystems":true,"showVisualEffectGraphs":true,"m_FxEnabled":true},"in2DMode":false,"pivot":{"x":-62.44519805908203,"y":-106.02964782714844,"z":61.650047302246097},"rotation":{"x":0.3489082157611847,"y":-0.0000021539838144235547,"z":3.703691788814467e-7,"w":0.937181293964386},"size":135.79391479492188,"orthographic":false}