{"cameraMode":{"drawMode":0,"name":"Shaded","section":"Shading Mode"},"sceneLighting":false,"audioPlay":false,"sceneViewState":{"showFog":true,"showMaterialUpdate":false,"showSkybox":false,"showFlares":true,"showImageEffects":true,"showParticleSystems":true,"showVisualEffectGraphs":true,"m_FxEnabled":true},"in2DMode":false,"pivot":{"x":-15.68250846862793,"y":3.964970350265503,"z":-16.673908233642579},"rotation":{"x":0.22836652398109437,"y":-0.0000014071706573304255,"z":-0.000002833698545146035,"w":0.973578691482544},"size":6.540171146392822,"orthographic":false}