{"cameraMode":{"drawMode":0,"name":"Shaded","section":"Shading Mode"},"sceneLighting":false,"audioPlay":false,"sceneViewState":{"showFog":true,"showMaterialUpdate":false,"showSkybox":false,"showFlares":true,"showImageEffects":true,"showParticleSystems":true,"showVisualEffectGraphs":true,"m_FxEnabled":true},"in2DMode":false,"pivot":{"x":-0.4583071768283844,"y":0.43379688262939455,"z":-0.22864413261413575},"rotation":{"x":0.22236433625221253,"y":0.07945708185434342,"z":-0.018185675144195558,"w":0.9715519547462463},"size":5.378541469573975,"orthographic":false}