{"cameraMode":{"drawMode":0,"name":"Shaded","section":"Shading Mode"},"sceneLighting":true,"audioPlay":false,"sceneViewState":{"showFog":true,"showMaterialUpdate":false,"showSkybox":true,"showFlares":true,"showImageEffects":true,"showParticleSystems":true,"showVisualEffectGraphs":true,"m_FxEnabled":true},"in2DMode":false,"pivot":{"x":14.587013244628907,"y":73.78045654296875,"z":134.450927734375},"rotation":{"x":0.15180908143520356,"y":0.002965944819152355,"z":-0.0004529762954916805,"w":0.9884093403816223},"size":280.6670227050781,"orthographic":false}