{"cameraMode":{"drawMode":0,"name":"Shaded","section":"Shading Mode"},"sceneLighting":true,"audioPlay":false,"sceneViewState":{"showFog":true,"showMaterialUpdate":false,"showSkybox":true,"showFlares":true,"showImageEffects":true,"showParticleSystems":true,"showVisualEffectGraphs":true,"m_FxEnabled":true},"in2DMode":false,"pivot":{"x":21.134349822998048,"y":110.24358367919922,"z":-142.42413330078126},"rotation":{"x":0.14734190702438355,"y":0.0163179449737072,"z":-0.0024295300245285036,"w":0.9889672994613648},"size":17.88125991821289,"orthographic":false}