{"cameraMode":{"drawMode":0,"name":"Shaded","section":"Shading Mode"},"sceneLighting":true,"audioPlay":false,"sceneViewState":{"showFog":true,"showMaterialUpdate":false,"showSkybox":true,"showFlares":true,"showImageEffects":true,"showParticleSystems":true,"showVisualEffectGraphs":true,"m_FxEnabled":true},"in2DMode":false,"pivot":{"x":2.648343801498413,"y":2.542440414428711,"z":1.7493209838867188},"rotation":{"x":0.17542774975299836,"y":0.02510162442922592,"z":-0.004474376328289509,"w":0.9841639399528503},"size":93.43192291259766,"orthographic":false}