{"cameraMode":{"drawMode":0,"name":"Shaded","section":"Shading Mode"},"sceneLighting":true,"audioPlay":false,"sceneViewState":{"showFog":true,"showMaterialUpdate":false,"showSkybox":true,"showFlares":true,"showImageEffects":true,"showParticleSystems":true,"showVisualEffectGraphs":true,"m_FxEnabled":true},"in2DMode":false,"pivot":{"x":0.040689706802368167,"y":-2.331000328063965,"z":5.042024612426758},"rotation":{"x":0.21227341890335084,"y":0.0029303161427378656,"z":-0.0006349843461066484,"w":0.9772257804870606},"size":13.072830200195313,"orthographic":false}