{"cameraMode":{"drawMode":0,"name":"Shaded","section":"Shading Mode"},"sceneLighting":true,"audioPlay":false,"sceneViewState":{"showFog":true,"showMaterialUpdate":false,"showSkybox":true,"showFlares":true,"showImageEffects":true,"showParticleSystems":true,"showVisualEffectGraphs":true,"m_FxEnabled":true},"in2DMode":false,"pivot":{"x":2.5413384437561037,"y":5.029405117034912,"z":1.3091721534729005},"rotation":{"x":-0.18724513053894044,"y":0.021210502833127977,"z":-0.004039722494781017,"w":-0.9820896983146668},"size":19.26996612548828,"orthographic":false}