{"cameraMode":{"drawMode":0,"name":"Shaded","section":"Shading Mode"},"sceneLighting":true,"audioPlay":false,"sceneViewState":{"showFog":true,"showMaterialUpdate":false,"showSkybox":true,"showFlares":true,"showImageEffects":true,"showParticleSystems":true,"showVisualEffectGraphs":true,"m_FxEnabled":true},"in2DMode":false,"pivot":{"x":0.8680602312088013,"y":3.4268972873687746,"z":21.18454360961914},"rotation":{"x":0.19107377529144288,"y":-0.12331932038068772,"z":0.024205008521676065,"w":0.9735037088394165},"size":2.794146776199341,"orthographic":false}