{"cameraMode":{"drawMode":0,"name":"Shaded","section":"Shading Mode"},"sceneLighting":false,"audioPlay":false,"sceneViewState":{"showFog":true,"showMaterialUpdate":false,"showSkybox":false,"showFlares":true,"showImageEffects":true,"showParticleSystems":true,"showVisualEffectGraphs":true,"m_FxEnabled":true},"in2DMode":false,"pivot":{"x":-0.046076297760009769,"y":5.024970531463623,"z":-1.4269936084747315},"rotation":{"x":0.07204648107290268,"y":-0.6371857523918152,"z":0.060003917664289477,"w":0.764991819858551},"size":5.799129009246826,"orthographic":false}