{"cameraMode":{"drawMode":0,"name":"Shaded","section":"Shading Mode"},"sceneLighting":true,"audioPlay":false,"sceneViewState":{"showFog":true,"showMaterialUpdate":false,"showSkybox":true,"showFlares":true,"showImageEffects":true,"showParticleSystems":true,"showVisualEffectGraphs":true,"m_FxEnabled":true},"in2DMode":false,"pivot":{"x":40.26380920410156,"y":-39.94732666015625,"z":198.80059814453126},"rotation":{"x":-0.27194130420684817,"y":0.0017218333669006825,"z":-0.0004501548537518829,"w":-0.9623512625694275},"size":263.5067138671875,"orthographic":false}