{"cameraMode":{"drawMode":0,"name":"Shaded","section":"Shading Mode"},"sceneLighting":false,"audioPlay":false,"sceneViewState":{"showFog":true,"showMaterialUpdate":false,"showSkybox":false,"showFlares":true,"showImageEffects":true,"showParticleSystems":true,"showVisualEffectGraphs":true,"m_FxEnabled":true},"in2DMode":false,"pivot":{"x":-33.983482360839847,"y":16.267621994018556,"z":-0.28014373779296877},"rotation":{"x":0.12800605595111848,"y":0.02528257854282856,"z":-0.0033171989489346744,"w":0.9914742708206177},"size":115.240478515625,"orthographic":false}