{"cameraMode":{"drawMode":0,"name":"Shaded","section":"Shading Mode"},"sceneLighting":false,"audioPlay":false,"sceneViewState":{"showFog":true,"showMaterialUpdate":false,"showSkybox":false,"showFlares":true,"showImageEffects":true,"showParticleSystems":true,"showVisualEffectGraphs":true,"m_FxEnabled":true},"in2DMode":false,"pivot":{"x":-10.297470092773438,"y":-28.39569854736328,"z":113.03143310546875},"rotation":{"x":0.15618519484996797,"y":-0.029627453535795213,"z":0.004685946274548769,"w":0.9872766137123108},"size":154.7604217529297,"orthographic":false}