{"cameraMode":{"drawMode":0,"name":"Shaded","section":"Shading Mode"},"sceneLighting":false,"audioPlay":false,"sceneViewState":{"showFog":true,"showMaterialUpdate":false,"showSkybox":false,"showFlares":true,"showImageEffects":true,"showParticleSystems":true,"showVisualEffectGraphs":true,"m_FxEnabled":true},"in2DMode":false,"pivot":{"x":-1.296173095703125,"y":23.240814208984376,"z":36.078712463378909},"rotation":{"x":0.2905953824520111,"y":-0.017222044989466668,"z":0.005231329705566168,"w":0.9566779732704163},"size":57.536529541015628,"orthographic":false}