{"cameraMode":{"drawMode":0,"name":"Shaded","section":"Shading Mode"},"sceneLighting":false,"audioPlay":false,"sceneViewState":{"showFog":true,"showMaterialUpdate":false,"showSkybox":false,"showFlares":true,"showImageEffects":true,"showParticleSystems":true,"showVisualEffectGraphs":true,"m_FxEnabled":true},"in2DMode":false,"pivot":{"x":-5.2670111656188969,"y":31.612953186035158,"z":10.765052795410157},"rotation":{"x":0.016486123204231263,"y":-0.03988204523921013,"z":0.0006581140914931893,"w":0.9990687966346741},"size":71.01185607910156,"orthographic":false}