{"cameraMode":{"drawMode":0,"name":"Shaded","section":"Shading Mode"},"sceneLighting":false,"audioPlay":false,"sceneViewState":{"showFog":true,"showMaterialUpdate":false,"showSkybox":false,"showFlares":true,"showImageEffects":true,"showParticleSystems":true,"showVisualEffectGraphs":true,"m_FxEnabled":true},"in2DMode":false,"pivot":{"x":5.374526023864746,"y":14.014975547790528,"z":25.148956298828126},"rotation":{"x":-0.022489484399557115,"y":-0.027001144364476205,"z":0.0006090654642321169,"w":-0.9993957877159119},"size":89.60942077636719,"orthographic":false}