{"cameraMode":{"drawMode":0,"name":"Shaded","section":"Shading Mode"},"sceneLighting":false,"audioPlay":false,"sceneViewState":{"showFog":true,"showMaterialUpdate":false,"showSkybox":false,"showFlares":true,"showImageEffects":true,"showParticleSystems":true,"showVisualEffectGraphs":true,"m_FxEnabled":true},"in2DMode":false,"pivot":{"x":3.65162992477417,"y":21.161453247070314,"z":5.5225830078125},"rotation":{"x":-0.14588192105293275,"y":0.0032496536150574686,"z":-0.0004419495817273855,"w":-0.9893357753753662},"size":108.84246063232422,"orthographic":false}